<?xml version="1.0" encoding="UTF-8"?>
<beans xmlns="http://www.springframework.org/schema/beans"
	xmlns:xsi="http://www.w3.org/2001/XMLSchema-instance"
	xsi:schemaLocation="http://www.springframework.org/schema/beans http://www.springframework.org/schema/beans/spring-beans.xsd">
	
	<!-- Root Context: defines shared resources visible to all other web components -->
			<bean class="org.springframework.beans.factory.config.PropertyPlaceholderConfigurer">
		<property name="location"	value="classpath:db.properties"></property>
	</bean>
	
	<!-- DriverMangerDataSource는 커넥션 풀을 지원하지 않음 -->
	<bean id="dataSource"
		class="org.apache.tomcat.dbcp.dbcp2.BasicDataSource">
		<property name="driverClassName" value="${driverClassName}"></property>
		<property name="url" value="${url}"></property>
		<property name="username" value="${username}"></property>
		<property name="password" value="${password}"></property>
	</bean>
	

	<bean id="sqlSessionFactory"	class="org.mybatis.spring.SqlSessionFactoryBean" lazy-init="false">
		<property name="dataSource" ref="dataSource"/>  
		<property name="configLocation" value="classpath:mybatisConfig/mybatisConfig.xml"/>	
	</bean>

	<bean id="sqlSessionTemplate"
		class="org.mybatis.spring.SqlSessionTemplate" lazy-init="false">
		<constructor-arg ref="sqlSessionFactory"></constructor-arg>	
	</bean>
	
	
		<bean id="MbDao" class="org.mybatis.spring.mapper.MapperFactoryBean">
			<property name="mapperInterface" value="com.jhhw.mb.dao.MbDao"></property>
			<property name="sqlSessionTemplate" ref="sqlSessionTemplate"></property>
		</bean>
		<bean id="MessageDao" class="org.mybatis.spring.mapper.MapperFactoryBean">
			<property name="mapperInterface" value="com.jhhw.message.dao.MessageDao"></property>
			<property name="sqlSessionTemplate" ref="sqlSessionTemplate"></property>
		</bean>
</beans>
