<?xml version="1.0" encoding="UTF-8"?>
<beans xmlns:mvc="http://www.springframework.org/schema/mvc"
	xmlns:xsi="http://www.w3.org/2001/XMLSchema-instance"
	xmlns="http://www.springframework.org/schema/beans"
	xmlns:context="http://www.springframework.org/schema/context"
	xmlns:aop="http://www.springframework.org/schema/aop"
	xmlns:jms="http://www.springframework.org/schema/jms"
	xmlns:amq="http://activemq.apache.org/schema/core"
	xsi:schemaLocation="http://www.springframework.org/schema/jms http://www.springframework.org/schema/jms/spring-jms-4.3.xsd
		http://www.springframework.org/schema/mvc http://www.springframework.org/schema/mvc/spring-mvc.xsd
		http://www.springframework.org/schema/beans http://www.springframework.org/schema/beans/spring-beans.xsd
		http://www.springframework.org/schema/context http://www.springframework.org/schema/context/spring-context.xsd
		http://www.springframework.org/schema/aop http://www.springframework.org/schema/aop/spring-aop-4.3.xsd
		http://activemq.apache.org/schema/core http://activemq.apache.org/schema/core/activemq-core.xsd">

	<!-- DispatcherServlet Context: defines this servlet's request-processing 
		infrastructure -->

	<!-- Enables the Spring MVC @Controller programming model -->
	<mvc:annotation-driven />	

	<!-- Handles HTTP GET requests for /resources/** by efficiently serving 
		up static resources in the ${webappRoot}/resources directory -->
	
	<mvc:resources mapping="/resources/**" location="/resources/" />
	
	<amq:connectionFactory id="connectionFactory" brokerURL="tcp://localhost:61616" trustAllPackages="true"/>
	
	<amq:queue id="queue" physicalName="message"/>
	
	<bean id="jmsTemplate" class="org.springframework.jms.core.JmsTemplate">
	  <property name="connectionFactory" ref="connectionFactory" />
	  <property name="defaultDestinationName" value="message" />
	</bean>
	
	<bean id="messageReceiver" class="com.jhhw.message.jms.MessageReceiver" /> 
	
	<jms:listener-container connection-factory="connectionFactory" >		
		<jms:listener destination="message" ref="messageReceiver"/>
	</jms:listener-container>

<!-- 	<bean class="org.springframework.web.multipart.commons.CommonsMultipartResolver" -->
<!-- 		id="multipartResolver"> -->
<!-- 		<property value="100000000" name="maxUploadSize" /> -->
<!-- 	</bean> -->

	<!-- Resolves views selected for rendering by @Controllers to .jsp resources 
		in the /WEB-INF/views directory -->
	<bean
		class="org.springframework.web.servlet.view.InternalResourceViewResolver">
		<property name="prefix" value="/WEB-INF/views/message/" />
		<property name="suffix" value=".jsp" />
	</bean>

	<context:component-scan base-package="com.jhhw.message" />



</beans>
