<?xml version="1.0" encoding="UTF-8"?>
<!DOCTYPE configuration PUBLIC "-//mybatis.org//DTD Config 3.0//EN"
	"http:..mybatis.org/dtd/mybatis-3-config.dtd">
	<configuration>
		<settings>
			<setting name="cacheEnabled" value="true"></setting>
			<setting name="lazyLoadingEnabled" value="false"></setting>
			<setting name="multipleResultSetsEnabled" value="true"></setting>
			<setting name="useColumnLabel" value="true"></setting>
			<setting name="useGeneratedKeys" value="false"></setting>
			<setting name="defaultExecutorType" value="SIMPLE"></setting>
			<setting name="defaultStatementTimeout" value="25000"></setting>
			<setting name="mapUnderscoreToCamelCase" value="false"></setting>
			<setting name="jdbcTypeForNull" value="VARCHAR"></setting>		
		
		</settings>
		
		<typeAliases>
		
			<typeAlias alias="leagueList" type="com.jhhw.mb.dto.LeagueDto"/>
			<typeAlias alias="article" type="com.jhhw.mb.dto.BBSDto"/>
			<typeAlias alias="infoList" type="com.jhhw.mb.dto.UserDto"/>
			<typeAlias alias="message" type="com.jhhw.message.dto.MessageDto" /> 
		</typeAliases>
		<mappers>
			<mapper resource="com/jhhw/mapper/mb/mb.xml"></mapper>
			<mapper resource="com/jhhw/mapper/bbs/bbs.xml"></mapper>
			<mapper resource="com/jhhw/mapper/message/message.xml"></mapper>
		</mappers>
	
	</configuration>