<?xml version="1.0" encoding="UTF-8"?>
<!DOCTYPE mapper PUBLIC "-//mybatis.org/DTD Mapper 3.0//EN"
"http://mybatis.org/dtd/mybatis-3-mapper.dtd">

<mapper namespace="com.jhhw.mb.dao.MbDao">
	<select id="getArticleCount" resultType="Integer"> 	
	select count(*) from bagic											
	</select>
	
	<select id="getArticles" parameterType="HashMap" resultType="article">
	SELECT articleNum,title,hit,to_char(writeDate,'YYYY-MM-DD') writeDate 
			FROM (SELECT ROWNUM RM, human.* FROM 
											(SELECT * FROM  bagic)  human)  
			WHERE RM BETWEEN #{startRow} AND #{endRow}	
	</select>
	
	<select id="getreadyArticles" parameterType="HashMap" resultType="article">
	SELECT articleNum,title,hit,to_char(writeDate,'YYYY-MM-DD') writeDate 
			FROM (SELECT ROWNUM RM, human.* FROM 
											(SELECT * FROM  readyleague)  human)  
			WHERE RM BETWEEN #{startRow} AND #{endRow}	
	</select>
	<select id="getreadyArticleCount" resultType="Integer"> 	
	select count(*) from readyleague											
	</select>
	
	<select id="getplusArticles" parameterType="HashMap" resultType="article">
	SELECT articleNum,title,hit,to_char(writeDate,'YYYY-MM-DD') writeDate 
			FROM (SELECT ROWNUM RM, human.* FROM 
											(SELECT * FROM  plus)  human)  
			WHERE RM BETWEEN #{startRow} AND #{endRow}	
	</select>
	<select id="getplusArticleCount" resultType="Integer"> 	
	select count(*) from plus											
	</select>
	
	<select id="getinjuryArticles" parameterType="HashMap" resultType="article">
	SELECT articleNum,title,hit,to_char(writeDate,'YYYY-MM-DD') writeDate 
			FROM (SELECT ROWNUM RM, human.* FROM 
											(SELECT * FROM  injury)  human)  
			WHERE RM BETWEEN #{startRow} AND #{endRow}	
	</select>
	<select id="getinjuryArticleCount" resultType="Integer"> 	
	select count(*) from injury											
	</select>
	
	<select id="getschoolArticles" parameterType="HashMap" resultType="article">
	SELECT articleNum,title,hit,to_char(writeDate,'YYYY-MM-DD') writeDate 
			FROM (SELECT ROWNUM RM, human.* FROM 
											(SELECT * FROM  school)  human)  
			WHERE RM BETWEEN #{startRow} AND #{endRow}	
	</select>
	<select id="getschoolArticleCount" resultType="Integer"> 	
	select count(*) from school											
	</select>
	
	<select id="gettrainingArticles" parameterType="HashMap" resultType="article">
	SELECT articleNum,title,hit,to_char(writeDate,'YYYY-MM-DD') writeDate 
			FROM (SELECT ROWNUM RM, human.* FROM 
											(SELECT * FROM  training)  human)  
			WHERE RM BETWEEN #{startRow} AND #{endRow}	
	</select>
	<select id="gettrainingArticleCount" resultType="Integer"> 	
	select count(*) from training											
	</select>
	
	<insert id="insertArticle" parameterType="article">
		INSERT INTO bagic VALUES(bagic_seq.nextval,#{title},#{content},sysdate,0)
	
	</insert>	
	
	<select id = "bagiccontent" parameterType="String" resultType="article">
	SELECT * FROM bagic WHERE ARTICLENUM=#{articleNum}
	</select>
	
	
	<update id="bagicuphit" parameterType="String">
		UPDATE bagic set hit = hit + 1 where articleNum = #{articleNum}  
	</update>
	
	<select id = "readycontent" parameterType="String" resultType="article">
	SELECT * FROM readyleague WHERE ARTICLENUM=#{articleNum}
	</select>
	
	
	<update id="readyuphit" parameterType="String">
		UPDATE readyleague set hit = hit + 1 where articleNum = #{articleNum}  
	</update>
	
	<select id = "trainingcontent" parameterType="String" resultType="article">
	SELECT * FROM training WHERE ARTICLENUM=#{articleNum}
	</select>
	
	<update id="traininguphit" parameterType="String">
		UPDATE training set hit = hit + 1 where articleNum = #{articleNum}  
	</update>
	
	<select id = "pluscontent" parameterType="String" resultType="article">
	SELECT * FROM plus WHERE ARTICLENUM=#{articleNum}
	</select>
	
	
	<update id="plusuphit" parameterType="String">
		UPDATE plus set hit = hit + 1 where articleNum = #{articleNum}  
	</update>
	
	<select id = "injurycontent" parameterType="String" resultType="article">
	SELECT * FROM injury WHERE ARTICLENUM=#{articleNum}
	</select>
	
	
	<update id="injuryuphit" parameterType="String">
		UPDATE injury set hit = hit + 1 where articleNum = #{articleNum}  
	</update>
	
	<select id = "schoolcontent" parameterType="String" resultType="article">
	SELECT * FROM school WHERE ARTICLENUM=#{articleNum}
	</select>
	
	
	<update id="schooluphit" parameterType="String">
		UPDATE school set hit = hit + 1 where articleNum = #{articleNum}  
	</update>
	
</mapper>