<?xml version="1.0" encoding="UTF-8"?>
<!DOCTYPE mapper PUBLIC "-//mybatis.org/DTD Mapper 3.0//EN"
"http://mybatis.org/dtd/mybatis-3-mapper.dtd">

<mapper namespace="com.jhhw.mb.dao.MbDao">
	<select id="getleague" resultType="leagueList"> 	<!-- parameterClass에는 해당하는 쿼리문에 입력될 값을 넣어주고 -->
	select name, to_char(leaguedate,'rrrr-mm-dd') "leagueDate", address, leaguetype, sponsor, homepage from marathonleague order by leagueDate											<!-- resultClass에는 return할 타입을 적어주면 된다(autoboxing됨)(ex-Integer -> int) -->
	</select>
	
	<insert id="insertInfo" parameterType="HashMap">
		insert into userinfo values(user_seq.nextval, #{email}, #{name}, #{gender}, #{time}, #{speed}, #{distance}, #{clock}, #{id}, #{latitude}, #{longitude}, #{address})
	</insert>	
	<select id="getInfoCount" parameterType="String" resultType="String">
		select count(*) from userinfo where id=#{id}
	</select>
	<select id="getuserInfo" parameterType="String" resultType="infoList">
		select * from userinfo where id=#{id}
	</select>
	
	<select id="gettogetherInfo" parameterType="String" resultType="infoList">
		select * from userinfo where id!=#{id}
	</select>
	<select id="getMyLocation" parameterType="String" resultType="infoList">
		select * from (select  latitude, longitude, usernum, rownum rnum from userinfo where id=#{id} order by usernum desc)where rnum = 1
	</select>
	</mapper>
	
